agentID,firstName,lastName,email,phone,address,agencyID
2350,Rebecca,Doyle,stephaniehall@example.com,417-793-6880x5656,"763 Kim Neck Suite 175
Port Nicole, ID 29936",24705
3559,Sarah,Gates,smithbarbara@example.net,976-272-9096,"4735 Alexandra Light Suite 306
Lake Christina, MS 74166",99832
4433,Michelle,Barnes,carrillomichael@example.org,703-681-9163,"561 Jones Brook Apt. 277
West Wanda, NM 68710",98758
2864,Maria,Lopez,calebhess@example.com,338-873-6712x4731,"Unit 0745 Box 2122
DPO AP 75260",98758
6582,Joshua,Rojas,paula06@example.com,+1-818-365-5755x364,"0062 Timothy Crossing
Lake Edgarburgh, AR 72044",55611
1732,Gregory,Kramer,suzanne74@example.org,466-937-4981x71284,"577 Morris Alley
Garciaton, ND 52834",95794
8952,Kevin,Johnson,terri19@example.com,(297)962-7740x71731,"7997 Dylan Locks
New Katherine, HI 60896",55611
4516,William,Jordan,lynnshaw@example.com,6294938982,"03584 Karen Mountain Apt. 575
Brandyberg, PW 96317",86561
5621,Kelsey,Hayes,michaelmatthews@example.org,732-345-4742x9118,"9745 Raymond Lodge Apt. 141
New Shawn, DC 29596",68568
3057,Jacqueline,Kelly,ralvarado@example.net,001-671-820-3220x980,"15742 Moore Turnpike
Woodland, MI 21374",86561
9907,Timothy,Macdonald,marcus66@example.com,395-825-1416x7860,"3350 Bryan Drives Suite 403
Dianeshire, ND 91491",86661
4854,Antonio,Smith,grahamcorey@example.org,(525)422-3419x32386,"5034 Joseph Radial Apt. 975
New Barbaraborough, MI 76835",68568
5200,Victor,Lowe,julia17@example.net,966.517.9540,"44469 Matthew Shoal
Lake Joshualand, KS 89103",98758
4594,Connie,Hamilton,elizabethjohnson@example.org,001-331-718-6770x518,"5061 Carolyn Spurs
East Matthewland, AL 01394",55611
9945,Tara,Rowland,qfuentes@example.com,895.281.5862,"96667 Wesley Valley
Harrelltown, IL 81962",86561
4490,Dustin,Allen,mbraun@example.net,733.293.6467,"11152 Orozco Forge
Port Jamesmouth, AS 02156",89855
1206,David,Dunlap,angela29@example.net,(781)680-9703,"724 Richard Radial
Terryton, RI 43100",95794
4432,Kyle,Miller,francis52@example.com,+1-796-825-2534x23709,"3999 Ward Estates Suite 760
New Patriciastad, OH 92720",86661
2552,Rodney,Hamilton,ericamercado@example.net,+1-375-370-5828x76193,"2132 Hunt Prairie Suite 683
Lake Brianna, DC 62216",24705
7116,Randy,Young,reedamber@example.com,+1-437-860-7091,"030 Catherine Junction
East Brandonshire, MT 51649",55611
4798,Robert,King,plewis@example.org,3196180895,"4246 Christopher Crossroad
Griffithmouth, NV 56189",55611
7102,Susan,Moore,heidi87@example.org,464-773-1188x543,"2470 Courtney Pike Suite 924
Ayalaview, WA 76292",99832
7267,Amanda,Hodges,leahthompson@example.org,(825)513-1547,"339 Flores Walks Suite 664
Cruzmouth, PR 20195",68568
3793,Michael,Webb,davilaroger@example.com,001-469-475-5861x46273,"PSC 7298, Box 0699
APO AP 50389",86561
6648,Michelle,Myers,troyrios@example.org,001-743-879-8232x6190,"57239 Veronica Wall Suite 963
Mccartychester, MI 19232",99832
7797,John,Silva,patricia37@example.com,714-587-7280,"4127 Campbell Drive Apt. 502
Port Phillipville, MT 60033",98758
5205,Vanessa,King,jonesdenise@example.net,(494)300-6317x3335,"0214 Heather Port
Jamesside, UT 51309",18383
1808,Jeffrey,Ramirez,simonryan@example.net,001-483-778-8477x7466,"79571 Oconnor Stream
Stacyfurt, NE 11180",18383
6955,Melissa,Willis,johncuevas@example.net,001-807-315-8154x60298,"Unit 5984 Box 9107
DPO AP 48717",99832
3340,Kristen,Hoover,davisstacey@example.com,(422)269-7207x658,"3282 Jillian View Apt. 273
Santosville, AR 41887",55611
6496,Gary,Jennings,angelakane@example.com,001-464-895-5668x9143,"167 Elizabeth Pines
Lake Kevinmouth, VT 69941",89855
5451,Denise,Smith,christinamartinez@example.net,423.893.7381x032,"Unit 5990 Box 1674
DPO AE 15818",86661
6014,Katie,Mcmahon,delgadomichael@example.org,(968)733-6158x07321,"89818 Tara Ferry Suite 319
Jonesview, MA 66786",86561
9718,Emily,Mckenzie,jessicadiaz@example.net,213.720.5798,"21585 Levy Dam Suite 251
Gibbsport, WY 45540",24705
2007,Amber,Williams,xhopkins@example.org,(629)953-1282,"66218 Franklin View
North Dianaland, MA 38219",99832
3395,Adam,Pugh,gpayne@example.net,5506411084,"96811 Kimberly Common
Lake Jay, SD 83713",86561
5465,Brenda,Obrien,rachelosborne@example.com,730-444-6225x665,"154 Myers Stravenue Apt. 258
South Christineberg, CA 51607",86661
7998,Breanna,Barnett,elizabethjackson@example.com,366-307-9630x061,"414 Steven Lights Suite 179
Lake Mitchellhaven, OH 52733",18383
4659,Timothy,Burns,alexandrajohnson@example.org,9507517566,"00538 Michael Way
North Clarencemouth, IN 96368",55611
6419,Austin,Henderson,amanda99@example.org,001-261-846-3109x06220,"0603 Dylan Forge Apt. 777
North Yolandabury, PR 75963",89855
9221,Zachary,Leonard,turnercynthia@example.net,335.201.8679x1693,"10955 Sanders Via Apt. 324
New Kyle, RI 20334",98758
6961,Amanda,Dominguez,richard72@example.com,+1-925-622-9467x756,"68798 Smith Ports Apt. 282
South Sherriburgh, VA 47793",99832
6552,Brian,Alvarado,michael79@example.org,(955)450-6728x29837,"538 Fleming Meadow
West Christopher, NY 11262",55611
5731,Jason,Rangel,cynthiabarron@example.com,790-638-7824x00336,"5340 Matthew Bypass Apt. 964
Maysstad, FL 05851",99832
1452,Heather,Clark,wandawallace@example.org,(243)728-7809x784,"1634 Wilson Freeway Suite 197
North Amymouth, SD 80588",86561
6172,Crystal,Curry,laurabaker@example.org,+1-343-720-3717,"PSC 3690, Box 6039
APO AE 25749",24705
1833,Anita,Hancock,nroberts@example.net,376-543-8953,"330 Rivas Court
South Bradleychester, LA 13865",24705
7516,Christopher,Flynn,hwatts@example.net,(436)841-8760,"11313 Lopez Manor Apt. 874
East Kellyland, AZ 80229",18383
1540,Matthew,Barnes,dmeyer@example.com,440.235.3608x23257,"4107 Michael Square Suite 867
Melissaburgh, WA 60590",24705
5459,Virginia,Gomez,micheleponce@example.net,926.795.2001x2329,"547 Jennifer Divide Apt. 791
West Cody, NJ 29078",99832
6035,Bradley,Benitez,carol20@example.org,001-787-728-0385x23846,"PSC 9367, Box 0421
APO AA 89542",98758
6940,Leslie,Snyder,brenda76@example.com,519-661-9802,"66843 Elizabeth Points
Tammyfort, ID 86767",89855
7872,Teresa,Gamble,nichole22@example.com,500.717.9442x991,"66691 Cynthia Highway Apt. 493
West Williammouth, GA 05834",89855
4894,Alan,Kim,manuel90@example.com,(825)319-5384,"3335 Matthews Parks
Port Jennifermouth, MI 78171",55611
3406,Christina,Bowman,elizabethrocha@example.net,7636132076,"97390 Dustin Port
Timothyhaven, ND 72253",86561
8992,Theresa,Shah,thompsonlaurie@example.net,(773)795-7004,"55168 Robbins Haven
Smithside, TX 10674",86661
2310,Colleen,Johnson,jramirez@example.net,+1-776-232-2981x69491,"644 Jennings Well
North Lauraberg, AR 18226",68568
5228,Karen,Singleton,ebradshaw@example.com,246.261.3765x398,"31146 Amber Ford Suite 143
Youngborough, NC 96532",68568
5310,Patrick,Riley,ccolon@example.com,900-354-4184,"237 Alyssa Tunnel
Lake Jeffrey, LA 22563",68568
5029,Tyler,Gonzalez,daviskenneth@example.org,(354)220-1183,"93670 David Islands Suite 884
West Joseborough, AZ 54130",98758
8597,Lauren,Bruce,ashleysmith@example.com,(329)590-4647,"108 Thomas Throughway Suite 537
Mcmahonfurt, OH 37706",68568
2013,Virginia,Chapman,whitney23@example.net,+1-626-622-8447x09142,"41128 Kimberly Keys Apt. 141
South Christinabury, WI 19477",98758
7740,Kenneth,Anderson,edwin13@example.net,5456234390,"0169 Nicholas Drive Apt. 452
Careyport, NE 47321",95794
6292,Sherri,Sharp,turnerandrea@example.com,001-211-749-2877x3450,"304 Steve Fork Apt. 884
Simschester, WY 72556",89855
3798,Miguel,Thompson,stephen86@example.com,001-372-408-2612,"07207 Melton Mountain
Acostastad, NJ 13400",86661
3669,David,Villa,joysparks@example.org,(545)889-4943,"5643 John Shores
Port Wendy, MO 49984",86661
6036,Stacy,Allen,ewarner@example.com,3423164620,"735 Anthony Loop
North Gabrielmouth, MD 53960",18383
6777,Patricia,Day,vrobinson@example.net,+1-770-764-9138,"4816 Morgan Crossroad Suite 384
Stephensonmouth, SD 60911",89855
7837,Kenneth,Harrington,douglasdalton@example.com,(626)737-1880x092,"164 Wesley Camp
West Katie, CT 55616",55611
7780,Shawn,Macdonald,zalvarez@example.com,9343567927,"15097 Rice Gateway
Saraborough, AK 14038",95794
8685,Kimberly,Wise,yjensen@example.net,+1-699-797-1499x7209,"227 Smith Mall Suite 818
Anthonyside, VA 22310",95794
4751,Joseph,Sherman,rhondanguyen@example.com,617.898.8540,"77360 Maria Club
West Edwardberg, WY 18483",95794
3265,Angela,Delgado,fball@example.org,+1-371-748-0481,"0053 Combs Lane Apt. 712
East Terrimouth, PA 90182",89855
9181,Diane,Strickland,greg97@example.net,001-517-940-5943x324,"57830 Eric Drive Apt. 639
Ronnieburgh, NJ 90704",98758
5547,Chelsea,Garcia,ihudson@example.org,(794)710-0507x316,"277 Tammy Harbor Suite 069
Mathistown, OK 75531",24705
3670,Sharon,Harding,tara92@example.com,594.645.9508x13480,"PSC 0198, Box 3257
APO AE 92394",99832
4107,Diana,Miller,william44@example.org,2067847509,"099 David Vista
Rodriguezfurt, MA 89666",18383
8046,Jennifer,Keller,robertmorris@example.com,(393)682-3586,"14414 Cannon Inlet
Welchmouth, VT 11063",95794
3445,Karen,Willis,jonesgeorge@example.com,+1-744-917-1533x27707,"088 Craig Via
South Willie, ND 02854",89855
9746,Michael,Hansen,kiarabrown@example.com,6203199532,"8397 Villa Mountains Apt. 935
North Stevenport, ME 84130",86661
6623,Matthew,Young,raymond29@example.org,7956724746,"USNS Mullins
FPO AP 01716",68568
2842,Nicole,Smith,hollyhamilton@example.net,943-518-8140,"59872 Eaton Passage Suite 175
Hillport, MT 25285",18383
4319,Eugene,Juarez,molinaemily@example.org,(904)617-1440,"667 Tony Mountains
Jefferychester, LA 78365",95794
8456,Lisa,Davidson,khantina@example.org,+1-762-675-8879x35251,"106 Gibson Overpass
Williamshaven, VA 69610",95794
8146,Amber,Lang,jennifer44@example.com,806.432.3136,"25163 Payne Plaza Apt. 023
Nicholashaven, CT 65428",89855
5060,William,Owens,jasmineparker@example.net,+1-325-812-9930x16061,"6193 Wagner Underpass Suite 366
Jaredchester, ID 54228",18383
9276,Jacqueline,Brown,freeves@example.net,851-782-2104,"7734 Robinson Turnpike
Hooperborough, NJ 14405",68568
6954,Brandon,Todd,nelsoneric@example.com,497.484.7356x039,"69605 Smith Port Apt. 976
West Diana, OR 25113",86661
6579,Katherine,Thomas,fisherisaiah@example.org,001-653-341-1645x1311,"341 Mcdonald Knoll
Nicholasview, PW 78434",99832
7043,Larry,Cochran,jenniferrichards@example.com,849.620.0991x4418,"PSC 7734, Box 8475
APO AP 63598",86561
4392,Daniel,Wiley,adambenitez@example.net,488.565.4716,"PSC 1198, Box 9633
APO AE 86925",86661
3835,Ashlee,Benjamin,kimberly45@example.com,(294)488-8930,"512 Coffey Union Apt. 722
Michaelhaven, VT 56982",18383
1916,Bonnie,Chase,hgentry@example.net,685-520-1531x738,"63986 Martinez Streets Apt. 548
East Sharon, VA 68163",24705
8219,Sarah,Cohen,tammy56@example.com,759.893.5031x66951,"1945 Tiffany Key Suite 384
North Michelle, VI 60794",98758
9854,Connie,Griffin,williammurphy@example.net,+1-725-708-4688x367,"97780 Foster Ferry Suite 772
East Lindamouth, GA 69627",24705
7223,Christine,Lee,qwilliams@example.org,8159443356,"2289 Charlene Hills
East Ashley, GU 21923",95794
2165,Tiffany,Little,maryreyes@example.com,743-662-5986x4218,"935 Valerie Forge
Lake Amandastad, PR 49013",68568
1110,Lorraine,Howard,carolinehudson@example.org,(543)468-8583,"86415 Jennifer Wall
Christianberg, LA 92633",24705
4591,Michelle,Sharp,lparsons@example.net,(491)728-8137x2310,"386 Vicki Centers Apt. 766
Palmerbury, NJ 88437",18383
4472,Brittney,Atkins,mezaelizabeth@example.net,(750)225-5485x82275,"58152 Clayton Overpass Suite 509
Davisshire, MP 27720",86561
