agencyID,agencyName,email,phone,address
95794,Murray-Howard,jenkinsrichard@wu.com,978-904-4238,"658 Costa Village Apt. 186
Velezshire, LA 55049"
18383,"Montgomery, Holden and Harrison",ohendrix@martinez.com,844-349-1203x565,"0314 Brian Squares
Jodichester, NE 47591"
68568,Chavez Inc,fwright@finley.com,+1-890-420-2942,"68398 Smith Springs Suite 553
East Jeremytown, PW 21738"
24705,Chang PLC,xjackson@wright.biz,4977525478,"8280 Todd Stravenue
Brownhaven, CA 17390"
55611,Kerr PLC,butlerbonnie@fleming.org,001-273-699-0851,"61331 Lori Stream
Cookeburgh, FL 32297"
99832,Powers Group,mmarsh@adams.com,+1-633-623-4683x28745,"1842 Ortiz Hill
Burnschester, SD 76532"
86561,Alexander PLC,alyssa56@reyes.com,897-266-9094x9629,"USS Johnson
FPO AE 24598"
89855,Cunningham and Sons,gsmith@skinner.com,(754)933-8375x6018,"468 Peters Stream Suite 248
Garnerhaven, VI 72479"
86661,Ayers PLC,thomasmercado@santiago-chan.org,+1-298-220-0891,"90500 Martinez Passage
Lorifort, DC 56224"
98758,Morris-Sanchez,thompsonjonathan@hobbs.biz,(465)899-5874,"39190 Peterson Pike
Davisshire, AR 19069"
