profileID,firstName,lastName,dateOfBirth,gender,phoneNumber,address,userID
291,Jennifer,Cook,1958-03-26,M,442.964.3156x633,"06341 Davis Loaf
Kevinbury, NM 43180",5772
510,Barbara,Sims,1968-01-06,F,(248)310-7419x96542,"4980 Swanson Lodge
North Brooke, GU 28209",9975
363,Natalie,Turner,1972-03-19,F,(891)699-1192x2847,"9631 Rush Extensions Suite 752
Lake Kerry, OR 86969",8048
140,Carrie,Gallagher,1956-07-07,M,322-278-4332x33167,"5574 Kenneth Islands
Austinhaven, TN 30122",9323
390,Douglas,Dixon,1998-10-05,F,001-342-884-0214x5667,"9468 Simpson Stream Suite 682
Kaylamouth, VI 00908",5327
712,Lauren,Kennedy,1963-09-15,M,+1-640-454-1826,"27861 Darrell Lake Suite 522
New Allen, WA 83386",4395
238,Dylan,Tanner,1970-07-22,M,781.848.2512x347,"7665 Gonzalez Harbor Apt. 997
North Markland, TN 11291",2010
228,George,Taylor,1979-12-09,F,+1-230-841-3382,"1795 Sarah Mountains
Dennisshire, KS 36228",1951
735,Stacey,Peck,2000-09-02,F,950-584-4920x4477,"8580 Annette Summit Suite 948
New Matthew, AK 54354",8668
696,Andrew,Howell,1954-12-16,F,001-695-393-5462,"448 Payne Inlet Suite 390
Shannonmouth, MN 33832",8480
529,Brooke,Kelly,1980-08-18,M,001-248-806-3634,"428 Allison Views
Deborahview, HI 95643",4230
958,Melissa,Steele,1962-04-29,F,(913)704-3193,"PSC 6030, Box 3423
APO AE 99068",9093
465,Cindy,Patterson,1958-04-03,F,309-374-0388x20169,"9216 Park Harbors
Reedtown, MN 28270",4312
647,Daisy,Hill,1986-03-03,F,(917)266-8244x08603,"79742 Andrew Loop Suite 931
East Daniellechester, RI 40996",8745
519,Elizabeth,Griffin,1997-01-13,F,+1-269-639-9134x19644,"69664 Crane Shoal Suite 446
Maddenfurt, GA 24061",5978
834,Vanessa,Mccullough,1991-06-30,F,001-734-964-5371x0619,"5835 Jensen Bridge
Port Jessica, AZ 82132",8265
851,Kayla,Pittman,1958-08-20,F,930.826.1574,"7845 Jennifer Shores Apt. 200
South Jefferyfort, RI 17259",3610
449,Veronica,Olson,1985-12-20,M,(543)648-0513x044,"1189 Emily Avenue Suite 056
West Clayton, SC 63895",4118
428,Christopher,Martin,1988-07-07,F,(469)985-9414,"699 Shawn Lane
Finleymouth, HI 04729",2778
754,Teresa,Woods,1974-05-05,F,001-829-753-5624x91129,"107 Timothy Streets Suite 593
Donaldberg, NV 84004",6468
857,Mary,Haley,1960-12-23,M,479.705.2197,"7100 Alexander Mews Apt. 915
New Justintown, IN 96429",2202
384,Michael,Kelley,1993-02-16,F,9476616907,"61822 Vang Loop Apt. 670
Garciaton, DC 25075",4913
299,Anthony,Harvey,2001-01-04,F,415.212.7131x92537,"060 Ashley Station
South Robertton, CA 94205",8251
992,Karla,Walker,1999-08-10,F,498-294-9394,"USNS Miller
FPO AP 42623",3230
948,Jessica,Morgan,1963-09-01,M,4877600039,"3921 Williams Valley Suite 704
Garzatown, VI 60765",7075
471,Walter,Davidson,1953-08-30,F,+1-723-811-8192,"03354 Myers Shoals Apt. 234
New Anthony, MA 87411",5894
642,Russell,Chaney,1963-07-25,M,594.471.7154x34261,"09772 Torres Junctions
Tuckerchester, MN 66026",3056
998,Matthew,Horn,1992-09-30,M,803-491-5540,"3212 Jeremy Throughway
East Carmenland, PA 47993",8950
144,Sharon,Wall,1964-01-18,M,(693)317-2384,"920 Hancock Shore Apt. 983
East Katherine, CA 89880",8836
267,Bob,Clark,1969-03-30,M,7004635114,"514 Gonzalez Parkways
South Lauraport, AL 30125",7228
248,Steven,Nguyen,1976-08-22,F,+1-258-780-4239x1732,"4852 Hunter Drive Apt. 606
West Jeremychester, MS 64301",6454
933,Jerry,Weber,1972-06-22,M,001-937-236-4669x11451,"640 William Bridge
Lake Johnstad, SD 31025",1502
475,Stacy,Thompson,1976-03-08,F,001-276-866-5449,"2958 Sandoval Manor
West Christina, ME 22632",8807
849,Antonio,Lee,1976-02-25,M,747-489-0734x51066,"4409 Tiffany Mall Suite 570
Cherylland, VI 63808",7045
271,Anthony,Richards,1976-01-04,M,(260)449-9313,"66755 Charles Knolls Suite 634
North Christineton, AK 79028",2690
559,Melissa,Kim,1957-06-24,F,+1-747-835-2186,"3068 Boyle Glen
Cynthiaport, IN 43592",1798
990,Eddie,Ware,1974-01-31,F,7765196905,"23092 Richard Flats Apt. 651
Sierraton, IA 34301",8629
316,Brent,Moore,1996-12-13,M,539-863-7051x5406,"USNV Duran
FPO AE 63531",4317
969,John,Le,1996-07-13,M,001-763-703-8052x66853,"Unit 2131 Box 2570
DPO AP 51702",3983
652,Donna,Campbell,2002-11-26,F,931.782.6219x9300,"6725 Hall Cliff
Port Monica, MA 75860",1616
903,Anne,Schultz,1988-01-18,M,681.456.6353,"26608 Frazier Extensions
Johnsonton, NJ 60238",3286
451,Paula,Frost,1999-07-25,F,643-240-4255x62259,"87333 Mcguire Island
West Tanya, MH 23721",5709
224,Colleen,Walker,1954-07-06,M,(310)958-9492x966,"24259 Koch Shoals
West Kevin, AK 96456",9589
655,Michael,Silva,1972-08-02,F,282-877-5257,"1536 Reyes Club
South Christopher, WI 45557",1731
131,David,Brown,1980-05-14,M,9666710174,"88628 Elizabeth Street
New Barbarastad, MO 80507",3700
657,Erin,Newton,1967-04-22,F,734.834.7222x512,"802 Jonathan Port Suite 768
Scottburgh, NH 71507",5864
935,Jacob,Chambers,2003-08-12,M,311.911.5461,"USNS Fisher
FPO AE 20516",9939
783,Christina,Taylor,1987-04-08,F,001-499-746-6108x716,"66297 David Locks
Danielleside, IA 83573",6329
678,Sandra,Price,1990-11-09,M,480.222.2268,"USCGC Jacobs
FPO AP 02965",2506
605,John,Cobb,1985-08-07,M,7177051164,"1097 Stevens Views
Kevinhaven, MT 67497",3474
327,Benjamin,Kennedy,2000-05-15,M,001-599-540-5582x0306,"938 Sydney Motorway Suite 136
South Charlesmouth, ME 77809",3182
919,Douglas,Cole,1972-02-04,M,001-860-690-8998x630,"510 Adams Trace
Kevinside, VA 85503",4420
416,Ariel,Hernandez,1960-01-30,M,001-959-921-6213,"Unit 0724 Box 0040
DPO AE 86850",1596
489,Amanda,Burns,1984-10-06,M,001-651-520-3383x389,"99526 Smith Pine Suite 723
South Stephanie, NM 58003",6529
671,David,Moss,1979-06-04,F,439-827-2601x123,"80204 Hoffman Passage Apt. 883
East Timothy, NM 90721",2923
789,Tracy,Ali,1955-07-16,F,(857)938-9946,"26757 Paul Forge Suite 754
New Selena, NH 65330",9974
966,James,Garcia,1989-05-22,M,(971)268-6202x28308,"35447 Bobby Turnpike
Brianchester, ID 44243",1807
129,Barry,Gibson,1956-04-04,M,707-260-8104x712,"Unit 1194 Box 2941
DPO AA 48630",4132
718,Gina,Coleman,1986-08-01,M,(233)765-4353,"06657 Hunt Corners
New Monica, WY 31084",5086
884,Catherine,Walsh,1971-05-13,F,001-441-764-3407x66555,"92288 Thomas Harbor Suite 611
Lake John, IN 23054",5381
552,Tyler,Diaz,1970-02-09,M,(474)860-3795x848,"91820 Madison Mountain
Herreramouth, GA 99653",7715
126,Ashley,Williams,1992-04-16,F,(737)441-7487,"0916 Edwards Roads Apt. 094
Susanton, ID 11775",2212
800,Johnny,Mathis,1966-08-09,F,328-890-7094x88138,"66576 Hughes Lake Suite 956
West Benjaminburgh, LA 63213",3651
726,Kimberly,Jones,1970-09-16,F,3579994083,"771 Tracy Shores Apt. 057
North Kirkchester, DE 86415",6520
787,Nancy,Marquez,1963-05-19,F,402-506-9955x924,"904 Banks Mill
Port Lisa, NH 84754",9669
751,Daniel,Spencer,1992-10-31,F,9855448135,"8035 Gallagher Walks Apt. 099
South Stevenborough, SC 66573",8038
568,William,Smith,1958-11-29,M,001-434-333-6715x032,"04415 Morales Ferry
Shannonfort, NJ 92323",6298
679,Julia,Dunn,2002-02-06,M,(668)546-3879x22782,"5732 Jennifer Place Suite 945
Lake Annette, TX 15839",5724
138,Rebecca,Lee,1979-05-07,F,562.691.8733x329,"44131 Eaton Freeway Suite 180
Austinburgh, MH 71223",9168
582,Tracy,Robinson,1994-01-13,F,379.457.1764,"7141 Sara Burg Suite 043
New Joe, CA 07018",5567
801,Barbara,Pham,1963-01-21,M,343.285.2133x201,"1085 Case Mountains
Dylanview, FL 91591",8164
818,Diana,Hudson,1973-01-02,F,768-993-1010x2467,"7558 Wood Lake Suite 215
Riverabury, WA 35614",3285
634,Karen,Campbell,1980-11-16,F,486-800-7901,"030 Cooper Crest Suite 096
New Jacob, DE 53899",2683
594,Elizabeth,Jenkins,1964-12-20,F,(586)222-5817x6443,"339 Adam Falls Apt. 132
Rickyfurt, PW 65212",2006
695,Andrea,Morales,1970-04-08,M,848-793-4570x95390,"6621 Bates Ports Apt. 381
Lake Jameshaven, MP 34035",4813
648,Faith,Greene,1991-04-27,F,368-236-5231x343,"28823 Stone Knoll Apt. 619
Meganfort, PW 48409",5704
561,Daniel,Thompson,1973-07-08,M,+1-581-955-0052x9712,"0760 George Valleys
Davidland, AS 76602",1635
400,Hannah,Hanson,1982-06-17,F,+1-278-242-0485x5891,"1475 Nathan Expressway Apt. 068
Lake Erinfort, ND 36167",8862
759,Carolyn,Martin,1994-04-14,M,4448542821,"16227 Parker Pines
West Richard, TX 05273",1759
586,Gabriela,Williams,1999-07-11,F,599-933-0633x67191,"179 Ashley Pike Suite 111
Lake Emilyburgh, AK 63541",5261
702,Parker,Evans,1965-10-26,F,(695)783-5263x3241,"988 David Meadow
Cortezburgh, OR 59625",9957
707,Jennifer,Mckee,1998-10-13,F,001-867-804-3667x692,"9347 Jarvis Circles
Stephaniemouth, SD 76985",6103
515,Mark,Johnson,1963-01-31,F,(316)339-3196,"94773 James Shoal Apt. 021
Annetteville, TN 94478",5658
456,Evelyn,Garcia,1996-10-02,M,4094359677,"892 Smith Hills
Michaelaport, DE 04690",8662
569,Mike,Morgan,1962-03-03,F,+1-925-810-6328x2553,"USNS Barnes
FPO AE 57685",9463
543,Jody,Barnes,1996-07-01,F,2776416401,"905 Taylor Lake
Lewisbury, IN 69391",6106
262,Tracy,Davis,1987-11-24,F,549-961-6608x0015,"304 Smith Loaf
Harrisfurt, UT 77100",1451
388,Leslie,Howell,1999-05-27,F,001-536-953-8782x90849,"8143 Carrie Ford
Wilsonfurt, DC 50553",2549
781,Kathleen,Cortez,1978-03-17,M,(902)767-0154,"5927 Kayla Crossroad Suite 740
East Adamtown, NE 59184",5414
732,Jeffery,Fleming,1969-01-21,F,(226)465-9475x1793,"8221 Edward Pines Suite 904
Jensenfort, WV 08975",7504
293,Benjamin,Mcneil,1978-11-10,M,001-363-867-3631x3381,"48338 Skinner Knoll
East Sonia, AK 01602",5802
424,Chloe,Turner,1990-08-28,F,396.397.6479x204,"326 Nicole Skyway
Port Kristin, IL 71550",7251
720,Catherine,Robertson,1990-10-05,F,698.842.2738x79486,"459 Romero Vista
Sarahside, MA 99566",9056
285,George,Reynolds,1972-11-26,F,447.879.8320x1218,"USNS Roberson
FPO AP 21360",6328
432,Erin,Lawrence,1998-11-23,F,001-623-835-5119x5508,"59131 Gonzales Greens Apt. 918
South Brianborough, AK 57405",4836
666,Danielle,Nguyen,1974-06-29,F,+1-348-694-2218,"PSC 7878, Box 9448
APO AE 03786",3735
521,John,Morales,1963-04-21,M,6668986170,"30649 Nelson Mount Apt. 525
Lake Brandonmouth, FL 60218",4135
487,Tristan,Martinez,1988-05-04,M,001-892-846-8898x212,"724 Haley Courts
East Adrian, AS 51788",3917
365,Mary,Simmons,1989-01-15,M,001-949-996-6744,"720 Michael Road Suite 388
North Kimberly, WA 50790",9265
209,Shawn,Flores,2002-08-05,F,641.275.1108,"03230 Brandon Forge Apt. 073
Derekborough, TN 13350",3923
971,Benjamin,Bowman,1967-07-06,F,920.805.7199,"18373 Juarez Forks Apt. 539
South Matthewshire, VI 02801",3144
312,Frederick,Hernandez,1971-10-05,M,395.973.6085x520,"3977 Rose Summit
Jonesfurt, IA 22805",3064
551,Candace,Perry,1968-10-07,M,(953)420-4738,"8684 Roth Spurs Apt. 932
South Tammy, VI 47641",5478
274,Nancy,Floyd,1968-01-08,M,001-355-995-3000x45588,"096 Jackson Trafficway Suite 422
Patriciamouth, KY 62511",1491
617,Jonathan,Pope,1955-02-24,F,+1-684-481-1970x38225,"PSC 1206, Box 5390
APO AE 45023",5081
918,Mary,Hammond,2004-01-09,F,001-920-569-4589x460,"Unit 9336 Box 5104
DPO AE 09329",1706
879,Robin,Stein,1961-09-11,F,7974815288,"445 Simmons Prairie
Port Nicolestad, NJ 34651",1144
848,Lindsey,Henry,1969-10-18,F,+1-720-252-9006,"9563 Tammy Vista
Jonland, DE 17623",6158
904,Kevin,Griffin,1970-08-12,M,001-501-941-1628,"6474 Pittman Meadow Apt. 954
Port Barbaramouth, MD 32502",8471
927,Nicholas,Davis,1956-09-12,M,829.348.3084,"7702 Graves Harbor Suite 953
West Anthonyview, RI 72924",2066
663,Bryan,Lester,1973-01-21,F,+1-316-480-6961x3992,"8723 Larson Lights
Lawsonborough, TX 86671",9539
957,Joseph,Henry,1983-04-02,M,342-236-3256,"823 Caitlin Canyon
Rosestad, MS 93755",7106
159,Lauren,Serrano,1973-03-02,M,+1-855-642-3652,"032 Roberts Knolls Apt. 581
Port Mirandashire, HI 52088",4928
395,Paul,Shepherd,1963-01-31,M,+1-550-714-9725x236,"34938 Green Fall
North Kimberly, MO 83076",7920
565,Shannon,Briggs,1995-06-12,M,001-637-885-9815,"PSC 8244, Box 2003
APO AA 02228",3101
602,Brenda,Peterson,1977-06-26,M,+1-855-503-3478x39811,"USS Macdonald
FPO AP 68896",6064
427,Christina,Powers,1976-07-01,F,+1-268-340-7185x1820,"91110 Harrell Tunnel Suite 791
New Robertfurt, TN 91834",6387
911,Amy,Lee,1985-10-21,M,(521)877-8350,"2429 Stephens Trafficway Apt. 852
Tylerton, MT 51099",6169
945,Willie,Farmer,1967-06-11,F,(661)435-7420x799,"21112 Deborah Forge
West Zacharytown, LA 12963",8045
771,Thomas,Thompson,1984-08-29,F,+1-810-859-9111x3344,"267 Mathews Knoll Suite 618
West Sandy, MA 66225",1924
383,Stephanie,Davidson,1994-05-05,F,(675)206-5266x072,"886 Steven Gateway Apt. 100
Shannonmouth, TX 76274",4932
450,Jeffrey,Brown,1959-05-22,F,989-635-0678,"1681 Richard Street
Port Lisa, AL 44057",8549
266,Cindy,Mckee,1965-06-12,F,001-898-648-6547x9519,"5026 Young Hills Apt. 326
Williamchester, CA 96222",9911
334,Kristin,Reed,1955-03-05,M,604-959-4688x256,"020 Selena Divide Suite 524
Kaylashire, WI 68101",1917
171,Keith,Lewis,1984-01-02,F,(798)802-4278,"318 Elizabeth Fields
Rhodeshaven, GU 38192",7942
674,Angie,Smith,1968-02-24,F,702-862-6169x88027,"67792 Crawford Lodge Apt. 602
Tracyhaven, MN 93032",8676
452,Sharon,Padilla,1987-07-23,M,001-572-601-4044x6045,"6177 Isabella Station
Ewington, IN 94439",6823
609,Jay,Howard,1955-06-08,M,(750)584-5235,"984 Stevenson Roads Suite 845
West Michaelville, MI 10799",8234
817,Dawn,Vargas,1953-11-06,M,4235256876,"2986 Joseph Corners
Wilsontown, TX 78166",3816
786,Brenda,Johnson,1981-07-08,F,309-205-1587,"249 Schmidt Ramp
Jenkinsbury, IN 13476",7811
895,Aaron,Johnson,1962-11-20,F,8719286177,"5465 Stevens Passage Suite 400
South Norman, AL 27169",7538
243,Julia,Kim,1969-04-16,M,001-896-544-9999x0587,"USNV Mills
FPO AA 96425",3065
325,Roger,Barber,1970-05-22,F,001-777-536-3814,"49272 Key Turnpike Apt. 349
Johnsonhaven, ND 42849",1208
229,Terri,Lam,1953-12-23,F,(794)408-7399,"Unit 0407 Box 1710
DPO AE 45840",5699
308,John,Gray,1977-01-09,F,777.937.3298x0848,"4752 Martin Summit
West Melvin, NM 30964",3873
892,Antonio,Lester,2002-03-10,F,521-226-1599x16542,"310 Perez Park
Johnsonport, MN 68675",1485
123,Jonathan,Chambers,1980-01-21,F,+1-710-526-0666x190,"4400 Gary Street
Aaronburgh, MI 63825",6616
863,Brittany,Edwards,1955-08-24,M,001-828-848-7041,"55403 Martin Summit Apt. 814
Lake Joseton, AR 63124",1025
875,Connie,Jimenez,1975-03-02,M,(731)584-4885x8973,"1847 Brandon Flats
Larryfurt, WA 47304",4679
562,Rodney,Young,1972-01-31,M,801-627-7549x70621,"70137 Baird Flats Suite 615
Lake Jaimemouth, ME 38675",1272
464,Angelica,Odom,1997-09-25,F,001-797-505-4438,"10783 Harper Throughway Suite 310
South Samuel, AK 63183",5902
317,Melanie,Schneider,1965-05-29,F,8209558899,"0367 Rodriguez Mountain Apt. 936
New Krystal, KS 04015",1067
422,Joshua,Mendoza,1969-10-01,M,001-437-825-6131x6428,"71958 Morales Throughway Apt. 259
New Shawnland, NM 78015",6933
378,Amy,Johnson,1962-10-09,F,+1-367-924-1649x6891,"87191 Fisher Rapid Apt. 891
North Dustinside, SC 80021",6326
223,Matthew,Schwartz,1991-03-01,F,+1-618-239-8640x457,"7516 Williams Ports
Villamouth, VA 79755",2766
793,Craig,Thomas,1986-03-26,F,+1-600-227-8582x208,"USCGC White
FPO AP 68171",7101
637,Jennifer,Ford,1972-04-27,M,(611)559-0162x29056,"711 Courtney Throughway Suite 741
North Gregory, KY 92159",4642
200,Bruce,Ho,1989-07-30,M,001-990-312-7482x51615,"069 Martin Bridge
West Brianfort, AZ 83072",1745
447,Jessica,Hancock,1982-12-08,M,001-687-486-8650x14428,"431 Booth Valleys
Kennethchester, NJ 68128",4993
572,Carol,Tyler,1954-12-15,F,001-255-455-2750x806,"17755 Washington Island
Port Andrew, GU 29877",6075
