userID,username,email,password
8807,edwardsgina,ntorres@example.net,pass1
8045,timothytaylor,kyleallen@example.com,pass2
4679,cooperjoel,kim67@example.com,pass3
2923,douglasdustin,halldaniel@example.org,pass4
9056,jimenezvanessa,kevin02@example.org,pass5
5724,hartrenee,shawn61@example.com,pass6
4928,fmurray,jenniferwilliamson@example.com,pass7
4132,samuel07,tcarson@example.org,pass8
3286,epowers,greenerandy@example.net,pass9
4420,ulewis,lindaellis@example.com,pass10
1807,gwyatt,mallory87@example.org,pass11
3285,coxheather,kimberlyjimenez@example.com,pass12
1144,xyang,cbarker@example.net,pass13
8549,millerrebecca,sharonmiller@example.net,pass14
1208,pacerichard,snorris@example.net,pass15
2010,thomaswebb,hcain@example.com,pass16
1491,davidmorales,hmccullough@example.com,pass17
2549,brianforbes,barbarahines@example.org,pass18
6823,corey98,olivia93@example.com,pass19
3700,fostercameron,leejennifer@example.org,pass20
7504,williamsmatthew,mgray@example.net,pass21
1502,kelly99,murraymatthew@example.org,pass22
2212,scottdaniel,tammydalton@example.org,pass23
1745,kristenlowery,cpope@example.com,pass24
6454,matthew13,lrussell@example.org,pass25
6103,gregory45,velasquezcynthia@example.com,pass26
6933,sandradennis,jennifer66@example.net,pass27
6064,kimberlyjensen,brockautumn@example.org,pass28
8265,brian87,delgadonathan@example.net,pass29
5567,jaredcunningham,moorejacqueline@example.org,pass30
4642,david64,frocha@example.net,pass31
5381,ohenry,bentleyadam@example.net,pass32
5327,tinawatson,valdezashley@example.org,pass33
1731,phopkins,ayork@example.com,pass34
9957,vanessa76,jameskathleen@example.com,pass35
9669,kathryn48,jamesbenson@example.net,pass36
6387,vwhite,kaitlyn03@example.net,pass37
9974,deanna02,mjones@example.org,pass38
3474,boyddaniel,williamspamela@example.org,pass39
9939,qharrell,joshua42@example.org,pass40
8629,anthony51,millsrobert@example.com,pass41
2066,lauramcclure,robert37@example.org,pass42
2683,seanwilliams,olsenpaul@example.net,pass43
4312,aliciaspencer,griffinmary@example.com,pass44
8676,lucasscott,brianbryant@example.com,pass45
4395,nelsonpaul,daniel78@example.com,pass46
1706,wharvey,lindsey90@example.com,pass47
6329,andrewwilliams,larrygreen@example.net,pass48
8251,brian91,davisryan@example.net,pass49
4230,smithdarius,williamvaldez@example.com,pass50
1924,braytina,pamela59@example.com,pass51
8862,jermainelucero,browningvanessa@example.net,pass52
2506,melanie84,stephanieduncan@example.net,pass53
8662,flynntony,frank21@example.com,pass54
8038,cmcmillan,kimberlylucas@example.org,pass55
9168,scott92,sandra39@example.com,pass56
7101,wknight,smithdevin@example.net,pass57
4118,brandon69,jasonwaller@example.org,pass58
3610,alicia70,allison46@example.net,pass59
2778,zrussell,marydavis@example.net,pass60
5699,deanthomas,psmith@example.net,pass61
4993,tammy24,oedwards@example.net,pass62
8164,amy06,brianna50@example.com,pass63
5704,kara12,jeffrey53@example.org,pass64
1759,xadams,ereyes@example.com,pass65
9589,mbaker,david36@example.net,pass66
4135,leblancnicholas,ghardin@example.com,pass67
4932,reevespatrick,jeffedwards@example.org,pass68
1616,lisa40,darrensnyder@example.com,pass69
5658,martingregory,ggray@example.com,pass70
7715,ygreen,stephanieroth@example.net,pass71
7045,laurabradford,kenneth30@example.net,pass72
9323,nunezevan,smithjennifer@example.net,pass73
2202,youngjoel,heather83@example.com,pass74
9975,mendozaadrian,rebecca70@example.net,pass75
6075,sheila13,smithernest@example.com,pass76
5864,fkelley,james68@example.net,pass77
5894,baileysheppard,yangmichael@example.org,pass78
1635,glopez,qblackwell@example.net,pass79
5261,murphythomas,bradleychristine@example.com,pass80
2766,ryanspencer,edwarddavis@example.org,pass81
9911,johnsondeborah,nicolehampton@example.com,pass82
8480,rbaker,sharonfreeman@example.org,pass83
6328,katiedougherty,jameslittle@example.com,pass84
1798,bryantmorgan,anthonyjoyce@example.net,pass85
7106,hannahsilva,pwaters@example.com,pass86
8836,hernandezjustin,marypeterson@example.net,pass87
5081,jessicaanderson,heathermorris@example.org,pass88
7075,antonio90,bethwilson@example.org,pass89
5978,pjimenez,robertsjohn@example.com,pass90
1485,robertgonzalez,shawnmarshall@example.com,pass91
4913,grant15,ehuffman@example.org,pass92
7942,wreilly,christopherwood@example.com,pass93
3816,kellygrace,vmoran@example.org,pass94
3101,brobertson,nicholas17@example.org,pass95
6158,megankoch,schmittlisa@example.com,pass96
6529,vanessa09,daniel49@example.com,pass97
6326,jenniferpetty,jayschmidt@example.net,pass98
4813,brownjoe,john32@example.com,pass99
9463,natalie65,jblake@example.com,pass100
3144,crystal60,kellerevan@example.org,pass101
6520,jennifer76,brandon65@example.com,pass102
8745,peterswendy,markelliott@example.net,pass103
5086,keith83,zhart@example.org,pass104
4317,brichardson,myersbenjamin@example.net,pass105
5709,poolejanice,wigginselaine@example.com,pass106
8471,garciajohnny,carolpayne@example.com,pass107
5414,bradley60,jmason@example.com,pass108
1025,jasonbutler,marquezheather@example.org,pass109
6106,jaredmccarthy,kennethharmon@example.com,pass110
6616,dchan,robertsjessica@example.net,pass111
1951,markmitchell,mcguirekenneth@example.net,pass112
1272,qjohnson,chandlertammy@example.org,pass113
7228,basswilliam,jthompson@example.com,pass114
3917,laurie25,smithregina@example.com,pass115
3873,sarahsmall,powelldiamond@example.com,pass116
3064,juliewilson,nwest@example.net,pass117
1917,breannareid,bobby23@example.org,pass118
9093,katierodriguez,alvarezjames@example.net,pass119
1067,zryan,holly13@example.net,pass120
2006,moralesharry,fperez@example.com,pass121
9539,drakethomas,danielmiller@example.org,pass122
7538,estradaamy,christopherallen@example.org,pass123
3651,whitejenna,raystephanie@example.org,pass124
3230,garciachristian,rhondapotter@example.org,pass125
6468,richardquinn,fholland@example.net,pass126
4836,ryan15,terri36@example.com,pass127
2690,htran,christinamullins@example.org,pass128
8234,eugene15,vsimpson@example.org,pass129
7251,joshuapeck,hburke@example.com,pass130
3182,gillmadison,ohoward@example.org,pass131
7811,daniel79,jamesmejia@example.com,pass132
3065,miranda95,michaellee@example.net,pass133
3735,cortezdevin,jonathanmorris@example.net,pass134
5802,hballard,peter20@example.org,pass135
8950,monique74,wthomas@example.com,pass136
6169,ryankane,qpeterson@example.com,pass137
8048,slara,markpeterson@example.org,pass138
1451,daydana,jennifer96@example.org,pass139
1596,agrant,zmoore@example.com,pass140
7920,kimberlycarpenter,john11@example.org,pass141
5772,vgoodman,matthewmiller@example.net,pass142
3983,aprilgarza,chad82@example.com,pass143
5902,hendersonkaren,lopezariana@example.org,pass144
6298,patrick11,thomas61@example.com,pass145
5478,ronald05,hyoung@example.com,pass146
3923,richardstephens,angelwilliams@example.org,pass147
8668,laura70,larrycruz@example.net,pass148
9265,marktaylor,rodriguezdustin@example.org,pass149
3056,stacy20,andradekimberly@example.com,pass150